RefSeq,Organism,Sequence_length,Penalties,False_order,oriC_edges_0,oriC_middles_0,oriC_edges_1,oriC_middles_1,oriC_edges_2,oriC_middles_2,oriC_edges_3,oriC_middles_3,oriC_edges_4,oriC_middles_4,oriC_edges_5,oriC_middles_5
NC_012806,"Mesomycoplasma conjunctivae, complete sequence",846214,"([0.17005154724455043, 0.17005154724455043, 0.17005154724455043], 0, [184230, 488740, 574710])",True,"(817307, 817807)",817557,"(419481, 419981)",419731.0,"(78671, 79171)",78921.0,,,,,,
NC_010528,"Cupriavidus taiwanensis LMG 19424 chromosome 1, complete sequence",3416911,"([0.0, 0.0, 0.0], 0, [71540, 166310, 237840])",True,"(5289, 5789)",5539,"(3345153, 3345653)",3345403.0,"(3030629, 3031129)",3030879.0,,,,,,
NC_010530,"Cupriavidus taiwanensis LMG 19424 chromosome 2, complete sequence",2502411,"([0.0], 0, [5760])",False,"(209, 709)",459,,,,,,,,,,
NZ_CM002299,"Congregibacter litoralis KT71 chromosome, whole genome shotgun sequence",4351117,"([0.011491302118513475], 0, [240810])",False,"(193384, 193884)",193634,,,,,,,,,,
NZ_CM002917,"Hoeflea phototrophica DFL-43 chromosome, whole genome shotgun sequence",4468465,"([0.015061100400249303, 0.015061100400249303, 0.015061100400249303], 0, [142540, 201350, 130])",False,"(4468207, 241)",4468457,"(1661044, 1661544)",1661294.0,"(2043854, 2044354)",2044104.0,,,,,,
NZ_CM011002,"Roseibium alexandrii DFL-11 chromosome, whole genome shotgun sequence",5300354,"([0.020828797472772574, 0.020828797472772574], 0, [466010, 116450])",False,"(3867341, 3867841)",3867591,"(5295941, 5296441)",5296191.0,,,,,,,,
NZ_CM001024,"Aeromicrobium marinum DSM 15272 chromosome, whole genome shotgun sequence",3079840,"([0.051950750688347445, 0.051950750688347445, 0.051950750688347445, 0.051950750688347445, 0.051950750688347445], 0, [9570, 388510, 419270, 425030, 85950])",True,"(107, 607)",357,"(2050178, 2050678)",2050428.0,"(2711008, 2711508)",2711258.0,"(1168425, 1168925)",1168675.0,"(874167, 874667)",874417.0,,
NZ_CM000753,"Bacillus thuringiensis serovar berliner ATCC 10792 chromosome, whole genome shotgun sequence",6260142,"([0.4041441871446366], 0, [47250])",False,"(4544888, 4545388)",4545138,,,,,,,,,,
NZ_CM001022,"Aminomonas paucivorans DSM 12260 chromosome, whole genome shotgun sequence",2630170,"([0.0038020356098655223], 0, [7840])",False,"(1992, 2492)",2242,,,,,,,,,,
NZ_CM001403,"Mucilaginibacter paludis DSM 18603 chromosome, whole genome shotgun sequence",8408322,"([0.007135787616126023, 0.007135787616126023], 0, [114610, 140180])",True,"(8396899, 8397399)",8397149,"(6902523, 6903023)",6902773.0,,,,,,,,
NZ_CM001023,"Algoriphagus machipongonensis strain PR1 chromosome, whole genome shotgun sequence",4787724,"([0.02088675119952612], 300, [74820])",False,"(248162, 248662)",248412,,,,,,,,,,
NZ_AABW01000001,"Rickettsia sibirica 246 chromosome, whole genome shotgun sequence",1250021,"([7.999865602257882e-05], 0, [407450])",False,"(712886, 713386)",713136,,,,,,,,,,
NZ_ABCY02000001,"Borreliella valaisiana VS116 chromosome, whole genome shotgun sequence",913294,"([0.0], 0, [238700])",False,"(471704, 472204)",471954,,,,,,,,,,
NZ_ABIZ01000001,"Verrucomicrobium spinosum DSM 4136 = JCM 18804 strain DSM 4136 chromosome, whole genome shotgun sequence",8220857,"([0.0, 0.0], 200, [40, 150])",False,"(8138367, 8138867)",8138617,"(6049131, 6049631)",6049381.0,,,,,,,,
NZ_CM001368,"Desulfovibrio carbinoliphilus subsp. oakridgensis strain FW-101-2B chromosome, whole genome shotgun sequence",4102695,"([0.004874844461993885], 0, [59080])",False,"(2806440, 2806940)",2806690,,,,,,,,,,
NC_015312,"Pseudonocardia dioxanivorans CB1190, complete sequence",7096571,"([0.0, 0.0, 0.0, 0.0], 300, [580, 2400, 3470, 216340])",False,"(7093269, 7093769)",7093519,"(5764577, 5765077)",5764827.0,"(1234718, 1235218)",1234968.0,"(3960896, 3961396)",3961146.0,,,,
NC_021039,"Ruminococcus champanellensis 18P13 = JCM 17042, complete sequence",2573208,"([2.3249966578683106, 2.3249966578683106], 0, [529130, 244870])",True,"(441329, 441829)",441579,"(13440, 13940)",13690.0,,,,,,,,
NC_021016,"Anaerostipes hadrus, complete sequence",3114788,"([2.0485824396395516], 0, [64850])",False,"(3111295, 3111795)",3111545,,,,,,,,,,
NC_021038,"Fretibacterium fastidiosum, complete sequence",2728333,"([9.950141716571988, 9.950141716571988, 9.950141716571988], 0, [343540, 370, 44170])",True,"(63675, 64175)",63925,"(1357987, 1358487)",1358237.0,"(2580245, 2580745)",2580495.0,,,,,,
NZ_CM001167,"Bacteroides coprosuis DSM 18011 chromosome, whole genome shotgun sequence",2991798,"([0.0033424716508266934, 0.0033424716508266934], 200, [507160, 13980])",True,"(377371, 377871)",377621,"(2975063, 2975563)",2975313.0,,,,,,,,
NZ_CM001466,"Saccharomonospora azurea NA-128 chromosome, whole genome shotgun sequence",4763852,"([0.1994184538058697], 0, [46550])",False,"(2970801, 2971301)",2971051,,,,,,,,,,
NZ_CM001488,"Desulfobacter postgatei 2ac9 chromosome, whole genome shotgun sequence",3974658,"([0.05535067419637111, 0.05535067419637111], 300, [1440, 44160])",False,"(794561, 795061)",794811,"(2508286, 2508786)",2508536.0,,,,,,,,
NZ_CM001371,"Fluoribacter dumoffii Tex-KL chromosome, whole genome shotgun sequence",3635360,"([0.3169424761234101], 0, [43770])",False,"(18952, 19452)",19202,,,,,,,,,,
NZ_CM001377,"Thermanaerovibrio velox DSM 12556 chromosome, whole genome shotgun sequence",1880838,"([0.005316779010207153], 0, [27130])",False,"(1108, 1608)",1358,,,,,,,,,,
NZ_AHCF03000004,"Pseudoalteromonas undina strain DSM 6065 chromosome II, whole genome shotgun sequence",774670,"([0.0, 0.0], 0, [531340, 188540])",True,"(46424, 46924)",46674,"(10430, 10930)",10680.0,,,,,,,,
NZ_AHCD03000044,"Pseudoalteromonas rubra strain DSM 6842 chromosome II, whole genome shotgun sequence",1388597,"([0.0], 0, [388910])",False,"(21576, 22076)",21826,,,,,,,,,,
NZ_CM001398,"Oenococcus kitaharae DSM 17330 chromosome, whole genome shotgun sequence",1833925,"([0.005452785691890344], 0, [477060])",False,"(399603, 400103)",399853,,,,,,,,,,
NC_016818,"Rahnella aquatilis CIP 78.65 = ATCC 33071, complete sequence",4861101,"([0.0, 0.0], 0, [317930, 357630])",False,"(4846027, 4846527)",4846277,"(3560839, 3561339)",3561089.0,,,,,,,,
NZ_AFRZ01000001,"Sulfurimonas gotlandica GD1 chromosome, whole genome shotgun sequence",2952682,"([0.0, 0.0, 0.0, 0.0], 0, [186900, 394740, 558030, 216930])",False,"(1252654, 1253154)",1252904,"(2079810, 2080310)",2080060.0,"(2569715, 2570215)",2569965.0,"(499817, 500317)",500067.0,,,,
NZ_CM001484,"Saccharomonospora glauca K62 chromosome, whole genome shotgun sequence",4538746,"([0.019829265616538135, 0.019829265616538135], 0, [57630, 425110])",False,"(650, 1150)",900,"(2001133, 2001633)",2001383.0,,,,,,,,
NZ_CM001441,"Desulfosporosinus youngiae DSM 17734 chromosome, whole genome shotgun sequence",5660978,"([0.00529943765900521], 0, [19930])",False,"(490, 990)",740,,,,,,,,,,
NZ_CM001439,"Saccharomonospora marina XMU15 chromosome, whole genome shotgun sequence",5965593,"([0.011733955031796504, 0.011733955031796504, 0.011733955031796504, 0.011733955031796504], 0, [380440, 340190, 8720, 368230])",False,"(169459, 169959)",169709,"(5964810, 5965310)",5965060.0,"(5431526, 5432026)",5431776.0,"(4291098, 4291598)",4291348.0,,,,
NZ_CM001440,"Saccharomonospora cyanea NA-134 chromosome, whole genome shotgun sequence",5408301,"([0.007396038053355389, 0.007396038053355389], 0, [4420, 180410])",False,"(5406048, 5406548)",5406298,"(4451637, 4452137)",4451887.0,,,,,,,,
NC_016842,"Treponema pallidum subsp. pertenue str. SamoaD, complete sequence",1139330,"([0.02018730306408152], 0, [8920])",False,"(2609, 3109)",2859,,,,,,,,,,
NC_017521,"Mycoplasma leachii 99/014/6, complete sequence",1017232,"([0.049152995580162645, 0.049152995580162645, 0.049152995580162645, 0.049152995580162645], 0, [527340, 596120, 396650, 250380])",True,"(934442, 934942)",934692,"(990615, 991115)",990865.0,"(19583, 20083)",19833.0,"(177146, 177646)",177396.0,,,,
NC_014145,"Thiomonas arsenitoxydans, complete sequence",3738778,"([0.20953370325812337, 0.20953370325812337], 0, [211030, 232440])",True,"(3077059, 3077559)",3077309,"(698985, 699485)",699235.0,,,,,,,,
NZ_CM001486,"Thermoanaerobacter siderophilus SR4 chromosome, whole genome shotgun sequence",2540159,"([0.08267199021793518, 0.08267199021793518], 0, [770, 47630])",False,"(1249685, 1250185)",1249935,"(2539860, 200)",2540110.0,,,,,,,,
NZ_CM001513,"Pseudomonas lactis strain SS101 chromosome, whole genome shotgun sequence",6179543,"([0.0016182426435093988], 0, [102000])",False,"(1477, 1977)",1727,,,,,,,,,,
NZ_CM001773,"Providencia sneebia DSM 19967 chromosome, whole genome shotgun sequence",3873423,"([8.834847110682205], 0, [342110])",False,"(447066, 447566)",447316,,,,,,,,,,
NC_019697,"Chamaesiphon minutus PCC 6605, complete sequence",6284095,"([0.0, 0.0], 0, [419150, 467180])",True,"(619471, 619971)",619721,"(81587, 82087)",81837.0,,,,,,,,
NC_020055,"Maridesulfovibrio hydrothermalis AM13 = DSM 14728, complete sequence",3703034,"([0.002700488302294821], 0, [303750])",False,"(23707, 24207)",23957,,,,,,,,,,
NC_020054,"Fibrella aestuarina BUZ 2, complete sequence",6775444,"([0.11962315679976102, 0.11962315679976102, 0.11962315679976102], 0, [318140, 216660, 233430])",False,"(594823, 595323)",595073,"(1168867, 1169367)",1169117.0,"(5607121, 5607621)",5607371.0,,,,,,
NZ_CM001792,"Oceanobacillus kimchii X50 chromosome, whole genome shotgun sequence",3830781,"([0.21859772197888627], 0, [145790])",False,"(3750256, 3750756)",3750506,,,,,,,,,,
NC_020409,"Pseudodesulfovibrio piezophilus C1TLV30, complete sequence",3646098,"([0.05485316083111315, 0.05485316083111315], 0, [148740, 94820])",False,"(2340635, 2341135)",2340885,"(4957, 5457)",5207.0,,,,,,,,
NC_020504,"Streptomyces davaonensis JCM 4913, complete sequence",9466619,"([0.015285288232261171, 0.015285288232261171, 0.015285288232261171, 0.015285288232261171], 0, [2510, 559210, 47480, 2810])",False,"(640486, 640986)",640736,"(3073289, 3073789)",3073539.0,"(3952710, 3953210)",3952960.0,"(9341056, 9341556)",9341306.0,,,,
NC_021081,"Meiothermus ruber DSM 1279, complete sequence",3098881,"([0.0032269712841506335], 0, [134640])",False,"(6500, 7000)",6750,,,,,,,,,,
NZ_CM001844,"Bartonella bovis 91-4 chromosome, whole genome shotgun sequence",1624667,"([0.11134589426633273], 0, [357420])",False,"(1605797, 1606297)",1606047,,,,,,,,,,
NC_021487,"Chthonomonas calidirosea T49 chromosome I, complete sequence",3437861,"([0.3055679098136894], 0, [144610])",False,"(2297972, 2298472)",2298222,,,,,,,,,,
NZ_CM002258,"Agrobacterium fabacearum P4 chromosome 1, whole genome shotgun sequence",2856286,"([0.02286185627069558], 300, [39740])",False,"(2795766, 2796266)",2796016,,,,,,,,,,
NZ_CM002259,"Agrobacterium fabacearum P4 chromosome 2, whole genome shotgun sequence",2052829,"([0.05392558269587969], 300, [2700])",False,"(1101990, 1102490)",1102240,,,,,,,,,,
NZ_CM002139,"Xanthomonas cassavae CFBP 4642 chromosome, whole genome shotgun sequence",5197712,"([0.14158152664095278, 0.14158152664095278], 0, [148910, 53690])",False,"(5172414, 5172914)",5172664,"(101395, 101895)",101645.0,,,,,,,,
NC_022444,"Megalodesulfovibrio gigas DSM 1382 = ATCC 19364, partial sequence",3693999,"([0.6361940000525176, 0.6361940000525176, 0.6361940000525176], 0, [183710, 295600, 131150])",True,"(1212829, 1213329)",1213079,"(3519431, 3519931)",3519681.0,"(2178961, 2179461)",2179211.0,,,,,,
NZ_CM002280,"Streptomyces niveus NCIMB 11891 chromosome, whole genome shotgun sequence",8514960,"([1.7660447025000705, 1.7660447025000705, 1.7660447025000705], 0, [61300, 172100, 329590])",True,"(78283, 78783)",78533,"(8463060, 8463560)",8463310.0,"(4459323, 4459823)",4459573.0,,,,,,
NZ_HG916852,"Rhizobium favelukesii strain LPU83 chromosome, complete genome",4195305,"([0.0], 0, [13000])",False,"(222, 722)",472,,,,,,,,,,
NZ_CP007597,Stenotrophomonas rhizophila strain DSM 14405 chromosome,4648976,"([0.054807768420400534, 0.054807768420400534, 0.054807768420400534, 0.054807768420400534, 0.054807768420400534], 300, [0, 177980, 3280, 2250, 270])",True,"(239476, 239976)",239726,"(4033664, 4034164)",4033914.0,"(4637445, 4637945)",4637695.0,"(1803026, 1803526)",1803276.0,"(3612953, 3613453)",3613203.0,,
NZ_HG315671,Formosa agariphila KMM 3901 strain type strain: KMM 3901 chromosome I,4228350,"([0.5556540967516881], 0, [436930])",False,"(4202242, 4202742)",4202492,,,,,,,,,,
NZ_CP007640,Bacillus atrophaeus subsp. globigii strain BSS chromosome,4175060,"([0.011975875795796946], 0, [94060])",False,"(3558710, 3559210)",3558960,,,,,,,,,,
NZ_CCSE01000001,"Jeotgalicoccus saudimassiliensis strain 13MG44_air chromosome, whole genome shotgun sequence",2191063,"([0.0, 0.0], 0, [56810, 103550])",True,"(2188687, 2189187)",2188937,"(1602690, 1603190)",1602940.0,,,,,,,,
NZ_AP014548,Nonlabens marinus S1-08 chromosome,2915920,"([0.3386238305577656, 0.3386238305577656, 0.3386238305577656], 200, [8550, 3910, 122690])",False,"(779772, 780272)",780022,"(2167547, 2168047)",2167797.0,"(1058358, 1058858)",1058608.0,,,,,,
NZ_CP063051,Vibrio coralliilyticus strain S2052 chromosome 1,3328634,"([0.0030042353710260723], 0, [325600])",False,"(2998131, 2998631)",2998381,,,,,,,,,,
NZ_CP063052,"Vibrio coralliilyticus strain S2052 chromosome 2, complete sequence",1884472,"([0.0], 0, [111760])",False,"(94654, 95154)",94904,,,,,,,,,,
NZ_FO818640,Limnospira indica PCC 8005 chromosome,6228153,"([0.008381296991258884, 0.008381296991258884, 0.008381296991258884, 0.008381296991258884], 0, [518580, 199540, 304300, 31130])",True,"(2522303, 2522803)",2522553,"(85143, 85643)",85393.0,"(1334887, 1335387)",1335137.0,"(626163, 626663)",626413.0,,,,
NZ_CP012342,Corynebacterium riegelii strain PUDD_83A45 chromosome,2563723,"([0.07730944411701264], 0, [13360])",False,"(2178904, 2179404)",2179154,,,,,,,,,,
NZ_CP013655,Enterococcus rotai strain LMG 26678 chromosome,3746111,"([4.352700707480371], 0, [69800])",False,"(3742358, 3742858)",3742608,,,,,,,,,,
NZ_CP014135,Pseudomonas agarici strain NCPPB 2472 chromosome,5502003,"([0.1665938749942521, 0.1665938749942521, 0.1665938749942521, 0.1665938749942521, 0.1665938749942521, 0.1665938749942521], 0, [343070, 89650, 27930, 404370, 36880, 316700])",True,"(612303, 612803)",612553,"(5440301, 5440801)",5440551.0,"(4844475, 4844975)",4844725.0,"(2241990, 2242490)",2242240.0,"(3113761, 3114261)",3114011.0,"(1586115, 1586615)",1586365.0
NZ_CP014347,Xanthomonas phaseoli pv. dieffenbachiae LMG 695 chromosome,5036843,"([0.01888087438897738], 0, [49760])",False,"(4967674, 4968174)",4967924,,,,,,,,,,
NZ_CP014480,Kocuria turfanensis strain HO-9042 chromosome,3742169,"([0.0011757886936693666], 200, [399800])",False,"(2075362, 2075862)",2075612,,,,,,,,,,
NZ_CP013251,Endozoicomonas montiporae CL-33 chromosome,5430256,"([0.1985910056542454], 0, [23400])",False,"(5428825, 5429325)",5429075,,,,,,,,,,
NZ_CP014844,Cupriavidus nantongensis strain X1 chromosome 1,4619440,"([0.0008659058240825727], 0, [422800])",False,"(2657208, 2657708)",2657458,,,,,,,,,,
NZ_CP014845,"Cupriavidus nantongensis strain X1 chromosome 2, complete sequence",2456269,"([0.0], 300, [180570])",False,"(2285954, 2286454)",2286204,,,,,,,,,,
NZ_CP015286,Paenibacillus glucanolyticus strain DSM 5162 chromosome,5897585,"([0.0033912186089729945], 0, [29000])",False,"(2049364, 2049864)",2049614,,,,,,,,,,
NZ_CP015285,"Azospirillum humicireducens strain SgZ-5 chromosome, complete genome",3181617,"([0.0, 0.0, 0.0], 0, [13280, 108110, 432420])",True,"(3110057, 3110557)",3110307,"(33202, 33702)",33452.0,"(1255241, 1255741)",1255491.0,,,,,,
NZ_CP010029,Yersinia entomophaga strain MH96 chromosome,4275406,"([0.014992728175990773, 0.014992728175990773], 0, [150860, 134950])",True,"(12234, 12734)",12484,"(2779781, 2780281)",2780031.0,,,,,,,,
NZ_CP015922,Polynucleobacter wuianus strain QLW-P1FAT50C-4 chromosome,2232205,"([0.004479875280272197, 0.004479875280272197], 0, [258160, 680])",False,"(662, 1162)",912,"(1583003, 1583503)",1583253.0,,,,,,,,
NZ_CP016204,Prevotella scopos JCM 17725 strain W2052 chromosome 1,1859892,"([0.08194024169145306, 0.08194024169145306], 0, [589110, 195750])",False,"(438988, 439488)",439238,"(1680311, 1680811)",1680561.0,,,,,,,,
NZ_CP016205,Prevotella scopos JCM 17725 strain W2052 chromosome 2,1436518,"([0.09147118240077744, 0.09147118240077744, 0.09147118240077744, 0.09147118240077744, 0.09147118240077744], 0, [57320, 553730, 335880, 200130, 249940])",True,"(2507, 3007)",2757,"(622542, 623042)",622792.0,"(764642, 765142)",764892.0,"(1124062, 1124562)",1124312.0,"(1285024, 1285524)",1285274.0,,
NZ_CP017448,Acidihalobacter aeolianus strain V6 chromosome,3363634,"([0.17876499048350683, 0.17876499048350683], 0, [2860, 71290])",False,"(3361051, 3361551)",3361301,"(2777146, 2777646)",2777396.0,,,,,,,,
NZ_CP017675,Gloeomargarita lithophora Alchichica-D10 chromosome,3049282,"([1.720437794864496, 1.720437794864496, 1.720437794864496, 1.720437794864496, 1.720437794864496], 0, [113940, 26490, 14400, 5850, 2340])",True,"(1288425, 1288925)",1288675,"(2364389, 2364889)",2364639.0,"(156036, 156536)",156286.0,"(710571, 711071)",710821.0,"(991559, 992059)",991809.0,,
NZ_CP015518,Syntrophotalea acetylenica strain DSM 3247 chromosome,3176363,"([0.003148254780703591, 0.003148254780703591], 300, [0, 370])",False,"(1403086, 1403586)",1403336,"(3175975, 111)",3176225.0,,,,,,,,
NZ_CP019434,Acidihalobacter ferrooxydans strain V8 chromosome,3448835,"([0.16843368847741338, 0.16843368847741338], 0, [11780, 430490])",False,"(3448743, 409)",159,"(1197150, 1197650)",1197400.0,,,,,,,,
NZ_CP020549,Streptococcus pneumoniae strain Hu17 chromosome,2148350,"([1.684781343822003], 0, [1880])",False,"(2148177, 328)",78,,,,,,,,,,
NZ_CP019344,"Nonlabens spongiae strain JCM 13191 chromosome, complete genome",3379276,"([0.0, 0.0, 0.0], 0, [12420, 598180, 410650])",False,"(2417295, 2417795)",2417545,"(612, 1112)",862.0,"(2117619, 2118119)",2117869.0,,,,,,
NZ_CP021422,Acutalibacter muris strain KB18 chromosome,3802913,"([0.002629563179594169], 0, [8170])",False,"(3802004, 3802504)",3802254,,,,,,,,,,
NZ_CP022584,Paenibacillus physcomitrellae strain XB chromosome,4828665,"([0.043697378053768485], 0, [42790])",False,"(3100694, 3101194)",3100944,,,,,,,,,,
NZ_CP016199,Mogibacterium pumilum strain ATCC 700696 chromosome,1862768,"([1.242827877653041], 200, [1030])",False,"(326344, 326844)",326594,,,,,,,,,,
NZ_AP017600,Rickettsia japonica strain M99123 chromosome,1283910,"([0.542561394490268], 0, [323980])",False,"(16040, 16540)",16290,,,,,,,,,,
NZ_AP018248,"Tolypothrix tenuis PCC 7101 DNA, nearly complete genome",8700819,"([0.009217523086045119, 0.009217523086045119, 0.009217523086045119, 0.009217523086045119], 200, [449100, 105520, 434780, 10680])",True,"(8211944, 8212444)",8212194,"(1562181, 1562681)",1562431.0,"(2427564, 2428064)",2427814.0,"(3442112, 3442612)",3442362.0,,,,
NZ_CP019336,Polaribacter sejongensis strain KCTC 23670 chromosome,4526271,"([2.491675818792114, 2.491675818792114, 2.491675818792114, 2.491675818792114], 200, [35800, 100, 84510, 610])",True,"(4488247, 4488747)",4488497,"(1414520, 1415020)",1414770.0,"(2232464, 2232964)",2232714.0,"(1818317, 1818817)",1818567.0,,,,
NZ_CP018616,"Vibrio azureus strain LC2-005 chromosome 1, complete sequence",3027809,"([0.003302718236189931], 0, [6300])",False,"(3027142, 3027642)",3027392,,,,,,,,,,
NZ_CP018617,"Vibrio azureus strain LC2-005 chromosome 2, complete sequence",1573591,"([0.006418440369829263], 0, [30720])",False,"(91838, 92338)",92088,,,,,,,,,,
NZ_CP020991,Monoglobus pectinilyticus strain 14 chromosome,2759678,"([0.09269197348386297, 0.09269197348386297], 0, [279660, 415580])",False,"(1175152, 1175652)",1175402,"(13755, 14255)",14005.0,,,,,,,,
NZ_CP025738,Pseudomonas ogarae strain FR1 chromosome,6869391,"([0.001455733121029215, 0.001455733121029215, 0.001455733121029215, 0.001455733121029215], 0, [245310, 249140, 20100, 447270])",True,"(6859711, 6860211)",6859961,"(25141, 25641)",25391.0,"(1190650, 1191150)",1190900.0,"(3614828, 3615328)",3615078.0,,,,
NZ_CM009578,"Sphingopyxis lindanitolerans strain WS5A3p chromosome, whole genome shotgun sequence",4149534,"([0.007422520215522996, 0.007422520215522996], 0, [271070, 500070])",True,"(2694476, 2694976)",2694726,"(2311385, 2311885)",2311635.0,,,,,,,,
NZ_CP022511,Mesoplasma coleopterae strain BARC 781 chromosome,803948,"([0.20859558080870902], 200, [3490])",False,"(803524, 75)",803774,,,,,,,,,,
NZ_CP032221,Rhodococcus rhodochrous strain EP4 chromosome,5717651,"([0.0017489699878499056, 0.0017489699878499056, 0.0017489699878499056, 0.0017489699878499056], 0, [258000, 386350, 280100, 390440])",False,"(1757208, 1757708)",1757458,"(4544964, 4545464)",4545214.0,"(400120, 400620)",400370.0,"(2263580, 2264080)",2263830.0,,,,
NZ_CP028290,Acidovorax cattleyae strain CAT98_1 chromosome,5618386,"([19.875263109369847, 19.875263109369847, 19.875263109369847, 19.875263109369847], 0, [225600, 290920, 31890, 150930])",True,"(5609065, 5609565)",5609315,"(1026245, 1026745)",1026495.0,"(4173164, 4173664)",4173414.0,"(3199415, 3199915)",3199665.0,,,,
NZ_CP028519,"Microvirgula aerodenitrificans strain BE2.4 chromosome, complete genome",4121243,"([0.0], 0, [10210])",False,"(1384845, 1385345)",1385095,,,,,,,,,,
NZ_CP028843,Methylobacterium currus strain PR1016A chromosome 1,6553813,"([0.00152582931493468, 0.00152582931493468, 0.00152582931493468], 0, [76280, 26150, 371980])",True,"(5364590, 5365090)",5364840,"(4199472, 4199972)",4199722.0,"(3598079, 3598579)",3598329.0,,,,,,
NZ_CP028844,Methylobacterium currus strain PR1016A chromosome 2,974845,"([0.010258041021906047, 0.010258041021906047, 0.010258041021906047], 0, [428360, 534520, 283030])",False,"(744925, 745425)",745175,"(325798, 326298)",326048.0,"(277654, 278154)",277904.0,,,,,,
NZ_CP023277,Polynucleobacter acidiphobus strain MWH-PoolGreenA3 chromosome,1851737,"([0.02025125598289606], 0, [22730])",False,"(1851241, 3)",1851491,,,,,,,,,,
NZ_CP023004,Ereboglobus luteus strain Ho45 chromosome,4175033,"([0.002395190648792477, 0.002395190648792477, 0.002395190648792477], 0, [492720, 584210, 3470])",False,"(1598826, 1599326)",1599076,"(4145584, 4146084)",4145834.0,"(411658, 412158)",411908.0,,,,,,
NZ_CP029563,Legionella anisa isolate UMCG_3A chromosome,4164783,"([0.0024010854827250304, 0.0024010854827250304], 0, [182990, 423220])",False,"(4123611, 4124111)",4123861,"(979362, 979862)",979612.0,,,,,,,,
NZ_CP029600,Chitinophaga alhagiae strain T22 chromosome,2664183,"([0.0037534959122552764, 0.0037534959122552764, 0.0037534959122552764], 200, [3470, 148590, 174760])",False,"(1868121, 1868621)",1868371,"(2121799, 2122299)",2122049.0,"(1506486, 1506986)",1506736.0,,,,,,
NZ_CP040938,Dolosigranulum pigrum strain KPL1914 chromosome,1890416,"([0.005289840966221191, 0.005289840966221191], 0, [89740, 63020])",False,"(310803, 311303)",311053,"(1886815, 1887315)",1887065.0,,,,,,,,
NZ_CP029984,Gardnerella leopoldii strain UGent 06.41 chromosome,1563545,"([0.006907380344025916, 0.006907380344025916], 0, [42380, 15830])",True,"(1368256, 1368756)",1368506,"(543, 1043)",793.0,,,,,,,,
NZ_CP031320,Streptomyces armeniacus strain ATCC 15676 chromosome,8083249,"([0.12078064154648707, 0.12078064154648707, 0.12078064154648707, 0.12078064154648707], 0, [6170, 173360, 163240, 397660])",True,"(8065909, 8066409)",8066159,"(5376827, 5377327)",5377077.0,"(342491, 342991)",342741.0,"(4623698, 4624198)",4623948.0,,,,
NZ_CP031337,Crenobacter cavernae strain K1W11S-77 chromosome,3271767,"([0.0030564523696216756], 0, [21770])",False,"(3269677, 3270177)",3269927,,,,,,,,,,
NZ_CP031417,Pseudolabrys taiwanensis strain CC-BB4 isolate CCUG 51779 chromosome,5593741,"([0.0017877123735260535], 400, [0])",False,"(3675832, 3676332)",3676082,,,,,,,,,,
NZ_CP031494,Vibrio anguillarum strain PF4-E2-R4 chromosome 1,2843715,"([3.782376222652411, 3.782376222652411], 0, [52760, 91200])",True,"(2711540, 2712040)",2711790,"(621693, 622193)",621943.0,,,,,,,,
NZ_CP031495,Vibrio anguillarum strain PF4-E2-R4 chromosome 2,1010329,"([3.533007564862535, 3.533007564862535], 0, [9240, 206040])",True,"(856476, 856976)",856726,"(1009506, 1010006)",1009756.0,,,,,,,,
NZ_CP027798,Serratia marcescens strain KS10 chromosome,5199559,"([0.0019232400286255044], 0, [98970])",False,"(4799878, 4800378)",4800128,,,,,,,,,,
NZ_CP021894,Pectobacterium versatile strain SCC1 chromosome,4974798,"([0.07614379518525174], 0, [2240])",False,"(4974662, 365)",115,,,,,,,,,,
NZ_CP032482,Yersinia rochesterensis strain ATCC BAA-2637 chromosome,4438053,"([0.0022532403285855304], 0, [51470])",False,"(4435244, 4435744)",4435494,,,,,,,,,,
NZ_CP032514,Actinomyces lilanjuaniae strain 2129 chromosome,3025012,"([0.0033057720101606213, 0.0033057720101606213], 0, [43360, 132230])",False,"(1774, 2274)",2024,"(542021, 542521)",542271.0,,,,,,,,
NZ_CP032568,Nocardia yunnanensis strain CFH S0054 chromosome,7931441,"([0.0015129659288898448, 0.0015129659288898448, 0.0015129659288898448, 0.0015129659288898448], 0, [107240, 228100, 66460, 424180])",True,"(7927609, 7928109)",7927859,"(826078, 826578)",826328.0,"(3463049, 3463549)",3463299.0,"(1578239, 1578739)",1578489.0,,,,
NZ_CP032570,Tsuneonella amylolytica strain NS1 chromosome,2786235,"([0.0035890727092294794], 0, [209910])",False,"(1523962, 1524462)",1524212,,,,,,,,,,
NZ_CP033169,Biomaibacter acetigenes strain SK-G1 chromosome,3398411,"([0.002942551680770807], 200, [3450])",False,"(3397887, 3398387)",3398137,,,,,,,,,,
NZ_CP034073,Shewanella psychromarinicola strain M2 chromosome,5134949,"([0.0019474390105919262, 0.0019474390105919262], 0, [401250, 452030])",False,"(1171972, 1172472)",1172222,"(5114020, 5114520)",5114270.0,,,,,,,,
NZ_CP034072,Mycolicibacterium nivoides strain DL90 chromosome,6905961,"([0.02751246350797521], 0, [128700])",False,"(6617574, 6618074)",6617824,,,,,,,,,,
NZ_CP032548,Tenacibaculum singaporense strain DSM 106434 chromosome,3511804,"([0.0028475393273656503], 0, [163480])",False,"(3497630, 3498130)",3497880,,,,,,,,,,
NZ_CP032544,Tenacibaculum mesophilum strain DSM 13764 chromosome,3344178,"([0.0029902714508617664], 0, [589890])",False,"(1248312, 1248812)",1248562,,,,,,,,,,
NZ_AP018492,"Melissococcus plutonius strain DAT561 chromosome, complete genome",1847807,"([0.0], 200, [510])",False,"(1847720, 414)",164,,,,,,,,,,
NZ_CP034661,Chryseobacterium aureum strain 17S1E7 chromosome,5069854,"([0.0019724433879161015, 0.0019724433879161015], 200, [117140, 200])",True,"(3290110, 3290610)",3290360,"(3727471, 3727971)",3727721.0,,,,,,,,
NZ_CP025269,Komagataeibacter xylinus strain DSM 2325 chromosome,3353346,"([0.014254419317302777, 0.014254419317302777], 0, [296090, 248490])",False,"(2204643, 2205143)",2204893,"(14559, 15059)",14809.0,,,,,,,,
NZ_CP026721,Fervidobacterium changbaicum strain CBS-1 chromosome,2266449,"([0.004412188405739551], 0, [2950])",False,"(2266177, 227)",2266427,,,,,,,,,,
NZ_CP035913,Massilia lutea strain DSM 17473 chromosome,7504949,"([0.001332454091293625], 200, [53980])",False,"(7499847, 7500347)",7500097,,,,,,,,,,
NZ_AP019368,"Fluviispira sanaruensis strain RF1110005 chromosome, complete genome",3520134,"([0.0], 0, [167670])",False,"(3511488, 3511988)",3511738,,,,,,,,,,
NZ_CP036313,Desulfobacter hydrogenophilus strain AcRS1 chromosome,5105261,"([0.001958763714528993, 0.001958763714528993], 200, [2150, 135990])",True,"(5104576, 5105076)",5104826,"(2018490, 2018990)",2018740.0,,,,,,,,
NZ_CP037898,Shewanella decolorationis strain sesselensis chromosome,4719362,"([0.03466570269455914, 0.03466570269455914, 0.03466570269455914, 0.03466570269455914], 0, [159640, 293340, 50620, 391490])",False,"(14199, 14699)",14449,"(1695941, 1696441)",1696191.0,"(4507190, 4507690)",4507440.0,"(3952023, 3952523)",3952273.0,,,,
NZ_CP038512,Deinococcus metallilatus strain MA1002 chromosome,3062136,"([0.0032656942735397776, 0.0032656942735397776, 0.0032656942735397776, 0.0032656942735397776, 0.0032656942735397776], 0, [289200, 592050, 55810, 532650, 128930])",False,"(1589004, 1589504)",1589254,"(2429042, 2429542)",2429292.0,"(2733934, 2734434)",2734184.0,"(770065, 770565)",770315.0,"(2133152, 2133652)",2133402.0,,
NZ_CP039393,Muribaculum gordoncarteri strain TLL-A4 chromosome,3306969,"([0.00302391706726008], 300, [90])",False,"(2945570, 2946070)",2945820,,,,,,,,,,
NZ_CP039396,Duncaniella dubosii strain H5 chromosome,3598157,"([0.0027792005740716707], 200, [3760])",False,"(2512758, 2513258)",2513008,,,,,,,,,,
NZ_CP041186,Persicimonas caeni strain YN101 chromosome,8047306,"([0.0012426518887190322], 0, [160630])",False,"(3662773, 3663273)",3663023,,,,,,,,,,
NZ_CM017105,"Pseudoalteromonas luteoviolacea strain H2 chromosome, whole genome shotgun sequence",1136302,"([0.0], 0, [514850])",False,"(1105055, 1105555)",1105305,,,,,,,,,,
NZ_CP030118,Brasilonema sennae CENA114 chromosome,7782641,"([0.028268039088530487, 0.028268039088530487], 0, [364130, 263710])",True,"(7763635, 7764135)",7763885,"(5847060, 5847560)",5847310.0,,,,,,,,
NZ_CP041405,Paenibacillus thiaminolyticus strain NRRL B-4156 chromosome,6612542,"([0.0015122777292000565], 0, [29520])",False,"(3808822, 3809322)",3809072,,,,,,,,,,
NZ_CP042163,Alkalihalobacillus miscanthi strain AK13 chromosome,4250708,"([0.00235254926943935], 0, [64600])",False,"(2835, 3335)",3085,,,,,,,,,,
NZ_CP036261,Rosistilla ulvae strain EC9 chromosome,7475804,"([0.05845525110075117], 0, [479580])",False,"(23582, 24082)",23832,,,,,,,,,,
NZ_CP036265,Alienimonas californiensis strain CA12 chromosome,5475215,"([0.00018264122961381425], 0, [399640])",False,"(1416614, 1417114)",1416864,,,,,,,,,,
NZ_CP036267,Thalassoglobus polymorphus strain Mal48 chromosome,6357355,"([0.046245647757597305, 0.046245647757597305], 300, [530, 40410])",False,"(5860209, 5860709)",5860459,"(6357161, 307)",57.0,,,,,,,,
NZ_CP036269,Gimesia alba strain Pan241w chromosome,7769723,"([0.2236630572286811], 0, [545670])",False,"(7767701, 7768201)",7767951,,,,,,,,,,
NZ_CP036271,Caulifigura coniformis strain Pan44 chromosome,6761146,"([0.051574097053960974, 0.051574097053960974, 0.051574097053960974, 0.051574097053960974, 0.051574097053960974], 0, [342920, 18650, 401800, 23780, 56360])",True,"(4011070, 4011570)",4011320,"(1111558, 1112058)",1111808.0,"(4785075, 4785575)",4785325.0,"(6611195, 6611695)",6611445.0,"(5418639, 5419139)",5418889.0,,
NZ_CP036316,Calycomorphotria hydatis strain V22 chromosome,5163473,"([0.07458158491387483, 0.07458158491387483], 0, [41500, 126450])",False,"(5147596, 5148096)",5147846,"(1529039, 1529539)",1529289.0,,,,,,,,
NZ_CP036339,Lacipirellula limnantheis strain I41 chromosome,6777282,"([0.007613671675459278, 0.007613671675459278, 0.007613671675459278, 0.007613671675459278], 0, [9480, 7890, 135200, 110580])",False,"(5952, 6452)",6202,"(776298, 776798)",776548.0,"(1472842, 1473342)",1473092.0,"(5172221, 5172721)",5172471.0,,,,
NZ_CP036343,Gimesia algae strain Pan161 chromosome,7929454,"([0.21980075803453808], 0, [182090])",False,"(7919432, 7919932)",7919682,,,,,,,,,,
NZ_CP037920,Gimesia aquarii strain V144 chromosome,7397129,"([0.0075569859603638115, 0.0075569859603638115], 300, [22750, 86910])",False,"(7391783, 7392283)",7392033,"(1272809, 1273309)",1273059.0,,,,,,,,
NZ_CP036426,"Tautonia plasticadhaerens strain ElP chromosome, complete genome",8668938,"([0.0, 0.0, 0.0], 0, [21660, 70460, 2110])",False,"(8434657, 8435157)",8434907,"(7582973, 7583473)",7583223.0,"(1075821, 1076321)",1076071.0,,,,,,
NZ_CP036319,Crateriforma conspicua strain Mal65 chromosome,7182433,"([0.0013922858730460834], 300, [3230])",False,"(7151053, 7151553)",7151303,,,,,,,,,,
NZ_CP036348,Rosistilla carotiformis strain Poly24 chromosome,7437004,"([0.0013446274870902314, 0.0013446274870902314], 0, [1610, 5410])",False,"(7436526, 21)",7436776,"(5543896, 5544396)",5544146.0,,,,,,,,
NZ_CP036349,Botrimarina mediterranea strain Spa11 chromosome,5871207,"([0.0017202595650264076, 0.0017202595650264076, 0.0017202595650264076], 0, [158270, 23470, 124470])",False,"(5859696, 5860196)",5859946,"(915291, 915791)",915541.0,"(5259583, 5260083)",5259833.0,,,,,,
NZ_CP037423,Stieleria neptunia strain Enr13 chromosome,10975817,"([0.0027332817229004454], 0, [322690])",False,"(3806338, 3806838)",3806588,,,,,,,,,,
NZ_CP037452,Gimesia fumaroli strain Enr17 chromosome,7704373,"([0.001297964156200641], 0, [324730])",False,"(6874597, 6875097)",6874847,,,,,,,,,,
NZ_CP031708,"Pedobacter suwonensis strain Fj_001 chromosome, complete genome",5689882,"([0.00017575056916821824], 0, [132980])",False,"(3194070, 3194570)",3194320,,,,,,,,,,
NZ_CP036264,Stieleria maiorica strain Mal15 chromosome,9894293,"([0.07907588748382527, 0.07907588748382527, 0.07907588748382527, 0.07907588748382527, 0.07907588748382527], 0, [189020, 36980, 44010, 444940, 428910])",False,"(3693, 4193)",3943,"(7084613, 7085113)",7084863.0,"(9208921, 9209421)",9209171.0,"(5947750, 5948250)",5948000.0,"(3479237, 3479737)",3479487.0,,
NZ_CP042913,Bythopirellula goksoeyrii strain Pr1d chromosome,6473141,"([0.061438488671882785, 0.061438488671882785, 0.061438488671882785], 0, [263510, 63290, 92480])",False,"(6449038, 6449538)",6449288,"(5890416, 5890916)",5890666.0,"(572959, 573459)",573209.0,,,,,,
NZ_CP043306,Cellvibrio japonicus strain ADPT1-KOJIBIOSE chromosome,4576591,"([0.000655509745135626], 0, [207850])",False,"(4554315, 4554815)",4554565,,,,,,,,,,
NZ_CP043505,Agromyces intestinalis strain KACC 19306 chromosome,3800200,"([0.0026314404505026054], 0, [26770])",False,"(344526, 345026)",344776,,,,,,,,,,
NZ_CP043926,Acidithiobacillus caldus strain MTH-04 chromosome,2876631,"([0.11263175568920727, 0.11263175568920727], 0, [193770, 597680])",False,"(936153, 936653)",936403,"(2587976, 2588476)",2588226.0,,,,,,,,
NZ_CP045664,Lactobacillus iners strain LI335 chromosome,1363099,"([0.007336224294787099, 0.007336224294787099], 0, [83350, 23820])",False,"(919940, 920440)",920190,"(1358684, 1359184)",1358934.0,,,,,,,,
NZ_CP045872,Loigolactobacillus bifermentans strain LB003 chromosome,3159403,"([0.003165154935916691], 0, [128800])",False,"(2078693, 2079193)",2078943,,,,,,,,,,
NZ_CP035780,Photobacterium damselae strain 2012V-1072 chromosome 1,3182176,"([0.003142503745864465], 0, [315940])",False,"(769780, 770280)",770030,,,,,,,,,,
NZ_CP035782,"Photobacterium damselae strain 2012V-1072 chromosome 2, complete sequence",1226485,"([0.0, 0.0], 0, [13500, 356360])",False,"(1106897, 1107397)",1107147,"(1226289, 305)",55.0,,,,,,,,
NZ_CP046244,Moorella glycerini strain DSM 11254 chromosome,3509488,"([0.0028494184906744232, 0.0028494184906744232], 0, [4480, 116300])",False,"(1288653, 1289153)",1288903,"(3508895, 3509395)",3509145.0,,,,,,,,
NZ_CP035733,Sphingorhabdus lacus strain IMCC1753 chromosome,3458743,"([0.002891223776961746, 0.002891223776961746], 300, [10630, 1870])",False,"(2692109, 2692609)",2692359,"(1801470, 1801970)",1801720.0,,,,,,,,
NZ_CP045997,Spirosoma endbachense strain I-24 chromosome,10326072,"([0.019978555253149503, 0.019978555253149503, 0.019978555253149503, 0.019978555253149503], 0, [141820, 89860, 565440, 106190])",True,"(5065, 5565)",5315,"(2897986, 2898486)",2898236.0,"(8821639, 8822139)",8821889.0,"(4723899, 4724399)",4724149.0,,,,
NZ_CP049019,Bacillus tropicus strain AOA-CPS1 chromosome,5246960,"([0.0019058654916370623], 0, [96060])",False,"(4639449, 4639949)",4639699,,,,,,,,,,
NZ_CP049199,Caulobacter soli strain Ji-3-8 chromosome,5256397,"([0.0019024438222607614, 0.0019024438222607614], 200, [391750, 532400])",True,"(558796, 559296)",559046,"(59747, 60247)",59997.0,,,,,,,,
NZ_CP049603,Rouxiella badensis strain SER3 chromosome,5082781,"([0.04525081840039931, 0.04525081840039931], 0, [90440, 53410])",False,"(2421, 2921)",2671,"(4745213, 4745713)",4745463.0,,,,,,,,
NZ_CP032549,Glutamicibacter mishrai strain S5-52 chromosome,3570747,"([0.0028005344539952007, 0.0028005344539952007], 0, [211420, 64660])",False,"(1775080, 1775580)",1775330,"(850470, 850970)",850720.0,,,,,,,,
NZ_CP050956,Parabacteroides distasonis strain FDAARGOS_615 chromosome,5109992,"([0.0019569502261451684], 300, [33300])",False,"(1780351, 1780851)",1780601,,,,,,,,,,
NZ_CP051121,Vibrio navarrensis strain 0053-83 chromosome 1,3031370,"([0.0032988384789715544], 0, [7070])",False,"(1469878, 1470378)",1470128,,,,,,,,,,
NZ_CP051120,Vibrio navarrensis strain 0053-83 chromosome 2,1226126,"([0.00815576865672859], 0, [20280])",False,"(158629, 159129)",158879,,,,,,,,,,
NZ_CP054795,Mycolicibacterium smegmatis strain FDAARGOS_679 chromosome,6993871,"([0.0014298233410367448, 0.0014298233410367448], 0, [34720, 402020])",False,"(5952249, 5952749)",5952499,"(152655, 153155)",152905.0,,,,,,,,
NZ_CP016615,Vespertiliibacter pulmonis strain CCUG 64585 chromosome,1831839,"([0.005458995031768621, 0.005458995031768621], 0, [74010, 385300])",False,"(863493, 863993)",863743,"(1827778, 1828278)",1828028.0,,,,,,,,
NZ_CP041336,Neptunomonas phycophila strain Scap09 chromosome,3976465,"([0.002514796433515698, 0.002514796433515698], 0, [153520, 388820])",False,"(7685, 8185)",7935,"(3823721, 3824221)",3823971.0,,,,,,,,
NZ_CP059322,Micromonospora sp. 28ISP2-46 chromosome,6644909,"([0.0015049115044314376, 0.0015049115044314376, 0.0015049115044314376], 0, [163760, 356660, 431140])",True,"(1413830, 1414330)",1414080,"(2638815, 2639315)",2639065.0,"(4548875, 4549375)",4549125.0,,,,,,
NZ_CP058555,Sphingobacterium paramultivorum strain BIGb0170 chromosome,6433667,"([0.0015543235296449135], 0, [90580])",False,"(4957089, 4957589)",4957339,,,,,,,,,,
NZ_CP059833,Corynebacterium hindlerae strain NML 93-0612 chromosome,2680694,"([0.003767681055726614, 0.003767681055726614, 0.003767681055726614], 0, [5200, 49930, 499440])",False,"(1575112, 1575612)",1575362,"(12, 512)",262.0,"(1095641, 1096141)",1095891.0,,,,,,
NZ_CP059404,Corynebacterium incognitum strain Marseille-Q3630 chromosome,2348705,"([0.004257665394334325], 0, [72420])",False,"(1263743, 1264243)",1263993,,,,,,,,,,
NZ_CP060204,Selenomonas timonae strain Marseille-Q3039 chromosome,2351879,"([0.004251919422725403], 300, [40])",False,"(533062, 533562)",533312,,,,,,,,,,
NZ_CP045081,"Mycobacterium kubicae strain NJH_MKUB1 chromosome, complete genome",5345311,"([0.0, 0.0, 0.0], 0, [27540, 116180, 332380])",True,"(5343680, 5344180)",5343930,"(569342, 569842)",569592.0,"(2930179, 2930679)",2930429.0,,,,,,
NZ_CP059894,Mycolicibacterium fluoranthenivorans strain 2A chromosome,6837082,"([0.0014626122664610428], 0, [264720])",False,"(509859, 510359)",510109,,,,,,,,,,
NZ_CP062966,Limosilactobacillus mucosae strain LM011 chromosome,2051457,"([0.0048745842588950195], 0, [47550])",False,"(685665, 686165)",685915,,,,,,,,,,
NZ_AQHE01000022,"Pseudoalteromonas paragorgicola KMM 3548 chromosome II, whole genome shotgun sequence",697863,"([0.0], 0, [129210])",False,"(225441, 225941)",225691,,,,,,,,,,
NZ_AQHH01000021,"Pseudoalteromonas prydzensis ACAM 620 chromosome II, whole genome shotgun sequence",1099445,"([0.0, 0.0], 0, [122950, 444940])",False,"(7174, 7674)",7424,"(565175, 565675)",565425.0,,,,,,,,
NZ_CP064654,Qipengyuania soli strain 6D36 chromosome,2910144,"([0.003436256075300741, 0.003436256075300741, 0.003436256075300741], 0, [5430, 432700, 130400])",False,"(27, 527)",277,"(780938, 781438)",781188.0,"(2568661, 2569161)",2568911.0,,,,,,
NZ_CP067086,Comamonas testosteroni strain G1 chromosome,5497097,"([0.0018191419944017723], 0, [390000])",False,"(1422965, 1423465)",1423215,,,,,,,,,,
NZ_CP065313,Turicimonas muris strain YL45 chromosome,2887949,"([0.00831039606308837, 0.00831039606308837], 0, [327510, 169090])",False,"(2003869, 2004369)",2004119,"(1446152, 1446652)",1446402.0,,,,,,,,
NZ_CP068047,Devosia oryziradicis strain G19 chromosome,3495520,"([0.002860804687142399, 0.002860804687142399], 0, [46290, 488450])",False,"(4751, 5251)",5001,"(2521611, 2522111)",2521861.0,,,,,,,,
NZ_CP068046,Devosia rhizoryzae strain LEGU1 chromosome,3524978,"([0.0028368971380814292], 0, [547650])",False,"(27353, 27853)",27603,,,,,,,,,,
NZ_CP066539,Halomonas venusta strain 4743 chromosome,4276113,"([0.3460853349759466], 0, [110050])",False,"(4261584, 4262084)",4261834,,,,,,,,,,
NZ_CP069763,Citrobacter cronae strain Colony478 chromosome,5079087,"([9.36865227943526, 9.36865227943526], 0, [99630, 166840])",True,"(1386585, 1387085)",1386835,"(5058468, 5058968)",5058718.0,,,,,,,,
NZ_CP070349,Mycolicibacterium septicum strain PDNC012 chromosome,6515693,"([0.0015347561648469316, 0.0015347561648469316], 0, [130690, 164380])",False,"(1124223, 1124723)",1124473,"(6507122, 6507622)",6507372.0,,,,,,,,
NZ_CP070357,Tsukamurella tyrosinosolvens strain PDNC001 chromosome,4619857,"([0.0021645691630714976, 0.0021645691630714976], 0, [140250, 42850])",False,"(956500, 957000)",956750,"(4601563, 4602063)",4601813.0,,,,,,,,
NZ_CP070380,Mycolicibacterium austroafricanum strain MYC221 chromosome,6287627,"([0.15256948289076308, 0.15256948289076308], 0, [417430, 10030])",False,"(245, 745)",495,"(2682242, 2682742)",2682492.0,,,,,,,,
NZ_CP071591,Bifidobacterium imperatoris strain JCM 32708 chromosome,2696962,"([0.0037078757505667487], 0, [7030])",False,"(2696549, 86)",2696799,,,,,,,,,,
NZ_CP071732,Bifidobacterium saguini strain DSMZ 23967 chromosome,2739637,"([0.003650118610604252], 300, [1180])",False,"(268247, 268747)",268497,,,,,,,,,,
NZ_CP065024,Rahnella inusitata isolate Se8.10.12 chromosome,4704928,"([0.0021254310374143877], 300, [29760])",False,"(404569, 405069)",404819,,,,,,,,,,
NZ_CP075500,Staphylococcus pseudoxylosus strain Colony297 chromosome,2910105,"([11.296087254583597], 0, [359360])",False,"(2549496, 2549996)",2549746,,,,,,,,,,
NZ_CP037977,Rathayibacter toxicus strain WAC7056 chromosome,2333944,"([0.0042845929465317074], 0, [56630])",False,"(269, 769)",519,,,,,,,,,,
NZ_JADQDK010000001,"Pseudonocardia abyssalis strain KRD168 chromosome, whole genome shotgun sequence",6273229,"([0.0], 200, [72840])",False,"(4928438, 4928938)",4928688,,,,,,,,,,
NZ_CP079896,Lelliottia amnigena strain FDAARGOS_1445 chromosome,4504790,"([0.0022198593053172288], 0, [77020])",False,"(354208, 354708)",354458,,,,,,,,,,
NZ_CP079898,Acinetobacter septicus strain FDAARGOS_1401 chromosome,3490393,"([0.002865006891774078, 0.002865006891774078], 0, [136760, 132920])",False,"(2275878, 2276378)",2276128,"(3482351, 3482851)",3482601.0,,,,,,,,
NZ_CP049304,Liquorilactobacillus nagelii DSM 13675 chromosome,2487196,"([0.004020591863287011], 0, [56730])",False,"(2006239, 2006739)",2006489,,,,,,,,,,
NZ_CP080644,Bacillus inaquosorum strain CCSR02 chromosome,4136264,"([0.0024176406534979393], 0, [95150])",False,"(4658, 5158)",4908,,,,,,,,,,
NZ_CP081105,Enterobacter cancerogenus strain JY65 chromosome,4736684,"([0.37053347869522224, 0.37053347869522224, 0.37053347869522224], 0, [262410, 282690, 98880])",False,"(4714350, 4714850)",4714600,"(2680081, 2680581)",2680331.0,"(290832, 291332)",291082.0,,,,,,
NZ_CP082965,Achromobacter mucicolens strain IA chromosome,5887278,"([0.03736871267162855, 0.03736871267162855, 0.03736871267162855, 0.03736871267162855], 0, [387780, 344700, 46290, 481170])",False,"(4442883, 4443383)",4443133,"(496023, 496523)",496273.0,"(2913334, 2913834)",2913584.0,"(3902358, 3902858)",3902608.0,,,,
NZ_CP084358,Aeromonas enteropelogenes strain FDAARGOS_1537 chromosome,4354161,"([0.0022966537066498], 0, [174440])",False,"(854008, 854508)",854258,,,,,,,,,,
NZ_CP064940,Bacteroides intestinalis strain APC919/174 substr. 8W chromosome,5785766,"([0.0261330997485899, 0.0261330997485899], 0, [298330, 16090])",True,"(1370463, 1370963)",1370713,"(5784580, 5785080)",5784830.0,,,,,,,,
NZ_CP084662,UNVERIFIED_ORG: Clostridium sporogenes strain FDAARGOS_1532 chromosome,4200680,"([0.0023805669558261996], 200, [4150])",False,"(73221, 73721)",73471,,,,,,,,,,
NZ_CP084768,"Klebsiella quasivariicola strain 08A119 chromosome, complete genome",5489214,"([0.0], 0, [86650])",False,"(5451187, 5451687)",5451437,,,,,,,,,,
NZ_CP053370,Lysinibacillus sphaericus strain NEU 1003 chromosome,4615895,"([0.1972531870850615], 0, [25840])",False,"(1019, 1519)",1269,,,,,,,,,,
NZ_CP086000,Odoribacter splanchnicus DSM 20712 strain FDAARGOS_1579 chromosome,4393364,"([0.0022761601360597483], 300, [22380])",False,"(1884772, 1885272)",1885022,,,,,,,,,,
NZ_CP086207,Staphylococcus gallinarum strain FCW1 chromosome,2880305,"([0.004513410906136677, 0.004513410906136677], 0, [336520, 357840])",False,"(18490, 18990)",18740,"(2240912, 2241412)",2241162.0,,,,,,,,
NZ_CP088237,Ralstonia solanacearum strain UW251 chromosome,3362692,"([0.0029738078896312833], 200, [120840])",False,"(6272, 6772)",6522,,,,,,,,,,
NZ_LN555523,Romboutsia ilealis strain CRIB chromosome 1,2581778,"([0.1051988203478378], 0, [112570])",False,"(2575900, 2576400)",2576150,,,,,,,,,,
NZ_LT594323,Micromonospora auratinigra strain DSM 44815 chromosome I,6758600,"([0.0014795963661113248, 0.0014795963661113248, 0.0014795963661113248, 0.0014795963661113248, 0.0014795963661113248, 0.0014795963661113248], 0, [589750, 290250, 191630, 205800, 292930, 348410])",False,"(4954655, 4955155)",4954905,"(4332799, 4333299)",4333049.0,"(6243612, 6244112)",6243862.0,"(72211, 72711)",72461.0,"(1983942, 1984442)",1984192.0,"(5624383, 5624883)",5624633.0
NZ_LT594324,Micromonospora narathiwatensis strain DSM 45248 chromosome I,6612057,"([0.0015123886560566553, 0.0015123886560566553], 0, [117220, 566380])",True,"(152152, 152652)",152402,"(6582989, 6583489)",6583239.0,,,,,,,,
NZ_LT607750,Micromonospora echinaurantiaca strain DSM 43904 chromosome I,7203233,"([0.0013882655191078783, 0.0013882655191078783, 0.0013882655191078783], 0, [63790, 457160, 0])",False,"(625084, 625584)",625334,"(1254323, 1254823)",1254573.0,"(2303117, 2303617)",2303367.0,,,,,,
NZ_LT607752,Micromonospora rifamycinica strain DSM 44983 chromosome I,7011369,"([0.0014262549867222793, 0.0014262549867222793, 0.0014262549867222793], 0, [468320, 13820, 14350])",False,"(4436973, 4437473)",4437223,"(646, 1146)",896.0,"(1871224, 1871724)",1871474.0,,,,,,
NZ_LT607755,Micromonospora zamorensis strain DSM 45600 chromosome I,7096032,"([0.0014092382897935073, 0.0014092382897935073, 0.0014092382897935073, 0.0014092382897935073, 0.0014092382897935073], 300, [40, 0, 35990, 1860, 360])",False,"(6562563, 6563063)",6562813,"(4032979, 4033479)",4033229.0,"(5919328, 5919828)",5919578.0,"(2540216, 2540716)",2540466.0,"(4717310, 4717810)",4717560.0,,
NZ_LT607754,Micromonospora inositola strain DSM 43819 chromosome I,6708094,"([0.0014907364148445147, 0.0014907364148445147], 0, [370730, 469360])",True,"(6683612, 6684112)",6683862,"(599836, 600336)",600086.0,,,,,,,,
NZ_LT607753,Micromonospora coxensis strain DSM 45161 chromosome I,6769793,"([0.0014771500398904369, 0.0014771500398904369, 0.0014771500398904369, 0.0014771500398904369, 0.0014771500398904369, 0.0014771500398904369], 0, [80, 521470, 530290, 97670, 42380, 402130])",True,"(6766010, 6766510)",6766260,"(2793782, 2794282)",2794032.0,"(2186654, 2187154)",2186904.0,"(949630, 950130)",949880.0,"(304489, 304989)",304739.0,"(1583908, 1584408)",1584158.0
NZ_LT607751,Micromonospora siamensis strain DSM 45097 chromosome I,6250219,"([0.0015999439379644135, 0.0015999439379644135, 0.0015999439379644135, 0.0015999439379644135], 300, [2310, 49680, 26250, 10])",True,"(4630077, 4630577)",4630327,"(3413648, 3414148)",3413898.0,"(5160177, 5160677)",5160427.0,"(5714322, 5714822)",5714572.0,,,,
NZ_LT598496,Micromonospora krabiensis strain DSM 45344 chromosome I,7074838,"([0.0014134599265735836, 0.0014134599265735836, 0.0014134599265735836, 0.0014134599265735836], 0, [12080, 435820, 162700, 425540])",False,"(4847598, 4848098)",4847848,"(4141679, 4142179)",4141929.0,"(2283533, 2284033)",2283783.0,"(68500, 69000)",68750.0,,,,
NZ_LT607733,Micromonospora echinofusca strain DSM 43913 chromosome I,7002627,"([0.0014280355072460664], 0, [168490])",False,"(6471403, 6471903)",6471653,,,,,,,,,,
NZ_LT607412,Micromonospora coriariae strain DSM 44875 chromosome I,6929787,"([0.0014430457963570888, 0.0014430457963570888], 0, [226870, 331970])",False,"(6481356, 6481856)",6481606,"(5890964, 5891464)",5891214.0,,,,,,,,
NZ_LT607413,Micromonospora echinospora strain DSM 43816 chromosome I,7775586,"([0.0012860767021289456], 0, [446840])",False,"(2165332, 2165832)",2165582,,,,,,,,,,
NZ_LT607409,Micromonospora chokoriensis strain DSM 45160 chromosome I,6897819,"([0.00144973360420156, 0.00144973360420156], 0, [439100, 272500])",False,"(1326558, 1327058)",1326808,"(722807, 723307)",723057.0,,,,,,,,
NZ_LT607410,Micromonospora purpureochromogenes strain DSM 43821 chromosome I,6674234,"([0.0014982992804867196, 0.0014982992804867196], 0, [95690, 35140])",False,"(828384, 828884)",828634,"(1995317, 1995817)",1995567.0,,,,,,,,
NZ_LT671675,Parolsenella massiliensis strain Marseille-P3237T chromosome scaffold00001,2009306,"([0.10804725611728626, 0.10804725611728626, 0.10804725611728626, 0.10804725611728626], 0, [135170, 484220, 58230, 110980])",False,"(34797, 35297)",35047,"(1677863, 1678363)",1678113.0,"(1361678, 1362178)",1361928.0,"(768979, 769479)",769229.0,,,,
NZ_LT607411,Micromonospora viridifaciens strain DSM 43909 chromosome I,7073985,"([0.0014136303653456998, 0.0014136303653456998, 0.0014136303653456998], 0, [384650, 448710, 9170])",False,"(572067, 572567)",572317,"(6141293, 6141793)",6141543.0,"(3986788, 3987288)",3987038.0,,,,,,
NZ_LT629695,Agrococcus jejuensis strain DSM 22002 chromosome I,3400178,"([0.0029410224994103253, 0.0029410224994103253, 0.0029410224994103253, 0.0029410224994103253, 0.0029410224994103253], 0, [17410, 420010, 100300, 165560, 536860])",False,"(6300, 6800)",6550,"(1749481, 1749981)",1749731.0,"(896807, 897307)",897057.0,"(3197962, 3198462)",3198212.0,"(2369997, 2370497)",2370247.0,,
NZ_LT629692,Microbacterium pygmaeum strain DSM 23142 chromosome I,3668670,"([0.002725783458310505], 0, [204950])",False,"(2453423, 2453923)",2453673,,,,,,,,,,
NZ_LT629687,Pseudomonas koreensis strain LMG 21318 chromosome I,6123913,"([0.0016329428585938437], 0, [402350])",False,"(2589837, 2590337)",2590087,,,,,,,,,,
NZ_LT629688,Auraticoccus monumenti strain MON 2.2 chromosome I,4461788,"([0.002241253954692603, 0.002241253954692603, 0.002241253954692603, 0.002241253954692603], 300, [0, 2160, 620, 15340])",False,"(856060, 856560)",856310,"(2179633, 2180133)",2179883.0,"(1800204, 1800704)",1800454.0,"(91063, 91563)",91313.0,,,,
NZ_LT629689,Pseudomonas extremaustralis strain DSM 17835 chromosome I,6674429,"([0.0014982555062013545], 200, [4180])",False,"(8640, 9140)",8890,,,,,,,,,,
NZ_LT629691,Pseudomonas thivervalensis strain DSM 13194 chromosome I,6604078,"([0.0015142159132584443], 200, [195810])",False,"(6404288, 6404788)",6404538,,,,,,,,,,
NZ_LT629702,Pseudomonas azotoformans strain LMG 21611 chromosome I,6727386,"([0.0014864614576895097], 200, [355220])",False,"(4777380, 4777880)",4777630,,,,,,,,,,
NZ_LT629700,Corynebacterium mycetoides strain DSM 20632 chromosome I,2266470,"([0.004412147524564631], 0, [241220])",False,"(1678723, 1679223)",1678973,,,,,,,,,,
NZ_LT629701,Allokutzneria albata strain DSM 44149 chromosome I,8565619,"([0.0011674579502076849, 0.0011674579502076849], 0, [11070, 539440])",False,"(4148780, 4149280)",4149030,"(3408202, 3408702)",3408452.0,,,,,,,,
NZ_LT629704,Pseudomonas antarctica strain LMG 22709 chromosome I,6377174,"([0.0015680927006225642], 0, [101600])",False,"(815222, 815722)",815472,,,,,,,,,,
NZ_LT629706,Pseudomonas poae strain LMG 21465 chromosome I,5950238,"([0.0016806050447057746, 0.0016806050447057746], 200, [477590, 512380])",False,"(3564072, 3564572)",3564322,"(3054985, 3055485)",3055235.0,,,,,,,,
NZ_LT629709,Pseudomonas reinekei strain DSM 18361 chromosome I,6312685,"([0.0015841119903812718], 200, [3010])",False,"(6304229, 6304729)",6304479,,,,,,,,,,
NZ_LT629708,Pseudomonas extremorientalis strain LMG 19695 chromosome I,6373103,"([0.0015690943642366992], 0, [526490])",False,"(3709348, 3709848)",3709598,,,,,,,,,,
NZ_LT629711,Pedococcus dokdonensis strain DSM 22329 chromosome I,3942164,"([0.002536677824666858], 0, [58800])",False,"(3939346, 3939846)",3939596,,,,,,,,,,
NZ_LT629755,Agromyces flavus strain CPCC 202695 chromosome I,3692408,"([0.0027082597589432153, 0.0027082597589432153, 0.0027082597589432153, 0.0027082597589432153, 0.0027082597589432153, 0.0027082597589432153], 0, [277980, 230830, 53610, 33190, 230550, 428800])",True,"(3148647, 3149147)",3148897,"(971273, 971773)",971523.0,"(3678984, 3679484)",3679234.0,"(1319812, 1320312)",1320062.0,"(2392348, 2392848)",2392598.0,"(1985393, 1985893)",1985643.0
NZ_LT629734,Agrococcus carbonis strain DSM 22965 chromosome I,2773310,"([0.0036057995680252117, 0.0036057995680252117, 0.0036057995680252117], 0, [131820, 83820, 104340])",False,"(54231, 54731)",54481,"(1541421, 1541921)",1541671.0,"(547572, 548072)",547822.0,,,,,,
NZ_LT629758,Actinoplanes derwentensis strain DSM 43941 chromosome I,10654181,"([0.0009385986590616397, 0.0009385986590616397, 0.0009385986590616397], 0, [488680, 85360, 453470])",True,"(7817475, 7817975)",7817725,"(6903491, 6903991)",6903741.0,"(8734403, 8734903)",8734653.0,,,,,,
NZ_LT629746,Pseudomonas lini strain DSM 16768 chromosome I,6529836,"([0.0015314320298396467], 0, [373950])",False,"(1076505, 1077005)",1076755,,,,,,,,,,
NZ_LT629732,Actinopolymorpha singaporensis strain DSM 22024 chromosome I,6403669,"([0.0015616047612704528, 0.0015616047612704528, 0.0015616047612704528], 0, [33930, 23190, 279640])",False,"(1231819, 1232319)",1232069,"(6384671, 6385171)",6384921.0,"(3414778, 3415278)",3415028.0,,,,,,
NZ_LT629751,Pseudomonas oryzae strain KCTC 32247 chromosome I,4642193,"([0.0021541542973331786, 0.0021541542973331786], 0, [64150, 385080])",False,"(3757693, 3758193)",3757943,"(3347144, 3347644)",3347394.0,,,,,,,,
NZ_LT629760,Pseudomonas trivialis strain LMG 21464 chromosome I,5634667,"([0.0017747277700705295], 0, [560230])",False,"(1450448, 1450948)",1450698,,,,,,,,,,
NZ_LT629742,Microterricola viridarii strain DSM 21772 chromosome I,3837821,"([0.0026056452346266278, 0.0026056452346266278, 0.0026056452346266278, 0.0026056452346266278], 0, [23980, 376420, 9310, 318810])",True,"(26584, 27084)",26834,"(2814086, 2814586)",2814336.0,"(1199080, 1199580)",1199330.0,"(855990, 856490)",856240.0,,,,
NZ_LT629753,Pseudomonas cedrina strain LMG 23661 chromosome I,6539015,"([0.0015292823154557681], 0, [189840])",False,"(4543228, 4543728)",4543478,,,,,,,,,,
NZ_LT629757,Marmoricola scoriae strain DSM 22127 chromosome I,4058582,"([0.0024639147367233184, 0.0024639147367233184, 0.0024639147367233184], 0, [23040, 135350, 126650])",False,"(3405025, 3405525)",3405275,"(119920, 120420)",120170.0,"(489150, 489650)",489400.0,,,,,,
NZ_LT629748,Halopseudomonas litoralis strain 2SM5 chromosome I,3987942,"([0.002507559036716181, 0.002507559036716181], 0, [66850, 241560])",False,"(3094, 3594)",3344,"(695103, 695603)",695353.0,,,,,,,,
NZ_LT883155,Serratia grimesii isolate BXF1 chromosome 1,5090820,"([0.019702130501569493], 0, [85040])",False,"(3673, 4173)",3923,,,,,,,,,,
NZ_LT629739,Brevibacterium sandarakinum strain DSM 22082 chromosome I,4441057,"([0.002251716201796104], 0, [598880])",False,"(1985162, 1985662)",1985412,,,,,,,,,,
NZ_LT629754,Maribacter dokdonensis strain MAR_2009_60 chromosome I,4505800,"([0.0022193617115717516, 0.0022193617115717516], 0, [147650, 242200])",True,"(7146, 7646)",7396,"(3934237, 3934737)",3934487.0,,,,,,,,
NZ_LT629740,Mucilaginibacter mallensis strain MP1X4 chromosome I,6014056,"([0.0016627713476562239, 0.0016627713476562239], 200, [476330, 258540])",False,"(5462700, 5463200)",5462950,"(84742, 85242)",84992.0,,,,,,,,
NZ_LT629766,Brevibacterium siliguriense strain DSM 23676 chromosome I,4023083,"([0.0024856559012081036, 0.0024856559012081036, 0.0024856559012081036], 0, [144980, 375300, 593640])",True,"(4009381, 4009881)",4009631,"(2629497, 2629997)",2629747.0,"(588464, 588964)",588714.0,,,,,,
NZ_LT629770,Microbacterium paraoxydans strain DSM 15019 chromosome I,3552313,"([0.0028150672533642164, 0.0028150672533642164, 0.0028150672533642164, 0.0028150672533642164, 0.0028150672533642164], 0, [291250, 117540, 543420, 108840, 503900])",False,"(2006193, 2006693)",2006443,"(3537544, 3538044)",3537794.0,"(26965, 27465)",27215.0,"(1657513, 1658013)",1657763.0,"(715015, 715515)",715265.0,,
NZ_LT629772,Microlunatus soli strain DSM 21800 chromosome I,6733014,"([0.0014852189524631912], 0, [95330])",False,"(6727889, 6728389)",6728139,,,,,,,,,,
NZ_LT629774,Winogradskyella sediminis strain RHA_55 chromosome I,3688445,"([0.0027111696121265194], 200, [14760])",False,"(1692583, 1693083)",1692833,,,,,,,,,,
NZ_LT629776,Paraoerskovia marina strain DSM 22126 chromosome I,2986943,"([0.0033479045298152664, 0.0033479045298152664], 0, [504240, 64090])",False,"(458579, 459079)",458829,"(2961370, 2961870)",2961620.0,,,,,,,,
NZ_LT629778,Pseudomonas granadensis strain LMG 27940 chromosome I,5943170,"([0.0016826037283133412], 0, [383440])",False,"(5629764, 5630264)",5630014,,,,,,,,,,
NZ_LT629779,Pseudarthrobacter equi strain IMMIB L-1606 chromosome I,4459178,"([0.0022425657823033755, 0.0022425657823033755], 0, [44650, 496840])",True,"(144001, 144501)",144251,"(2196549, 2197049)",2196799.0,,,,,,,,
NZ_LT629799,Microlunatus sagamiharensis strain DSM 21743 chromosome I,4405285,"([0.0022700006923502113, 0.0022700006923502113, 0.0022700006923502113], 0, [460, 14710, 230930])",True,"(7497, 7997)",7747,"(3687344, 3687844)",3687594.0,"(1563685, 1564185)",1563935.0,,,,,,
NZ_LT629800,Pseudomonas brenneri strain DSM 15294 chromosome I,6032706,"([0.0016576309205189182], 0, [59940])",False,"(4848316, 4848816)",4848566,,,,,,,,,,
NZ_LT629803,Pseudomonas vancouverensis strain LMG 20222 chromosome I,6424905,"([0.0015564432470207732], 0, [4020])",False,"(155, 655)",405,,,,,,,,,,
NZ_LT629804,Arcanobacterium phocae strain DSM 10002 chromosome I,1998342,"([0.005004148439055977], 0, [79820])",False,"(1993996, 1994496)",1994246,,,,,,,,,,
NZ_LT629791,Jiangella alkaliphila strain DSM 45079 chromosome I,7716600,"([0.0012959075240390847, 0.0012959075240390847], 0, [80220, 284770])",True,"(431225, 431725)",431475,"(1102638, 1103138)",1102888.0,,,,,,,,
NZ_LT629785,Pseudomonas pohangensis strain DSM 17875 chromosome I,3769689,"([0.002652738727253097], 0, [33650])",False,"(3557113, 3557613)",3557363,,,,,,,,,,
NZ_LT629790,Pseudomonas mediterranea strain DSM 16733 chromosome I,6346235,"([0.001575737425418378, 0.001575737425418378], 0, [266570, 376970])",False,"(648169, 648669)",648419,"(5252314, 5252814)",5252564.0,,,,,,,,
NZ_LT629797,Pseudomonas sihuiensis strain KCTC 32246 chromosome I,5476367,"([0.0018260280949030626], 300, [46660])",False,"(4147059, 4147559)",4147309,,,,,,,,,,
NZ_LT629802,Pseudomonas mucidolens strain LMG 2223 chromosome I,5853167,"([0.0017084767955535868, 0.0017084767955535868], 0, [102680, 47660])",False,"(4974440, 4974940)",4974690,"(3653, 4153)",3903.0,,,,,,,,
NZ_LT629970,Pseudomonas xanthomarina strain LMG 23572 chromosome I,4332289,"([0.002308248595603848, 0.002308248595603848], 0, [87490, 300])",True,"(378390, 378890)",378640,"(4331821, 31)",4332071.0,,,,,,,,
NZ_LT629971,Mycolicibacterium rutilum strain DSM 45405 chromosome I,5987931,"([0.0016700259238124153, 0.0016700259238124153], 0, [93700, 402040])",False,"(5967342, 5967842)",5967592,"(5398147, 5398647)",5398397.0,,,,,,,,
NZ_LT629972,Pseudomonas fuscovaginae strain LMG 2158 chromosome I,6592354,"([0.001516908831048818], 300, [40])",False,"(358843, 359343)",359093,,,,,,,,,,
NZ_LT670846,Thermocrinis minervae strain DSM 19557 chromosome I,1367921,"([0.00731036368328288, 0.00731036368328288], 0, [141010, 586610])",False,"(191470, 191970)",191720,"(1363829, 1364329)",1364079.0,,,,,,,,
NZ_LT670847,Halomonas subglaciescola strain ACAM 12 chromosome I,3110197,"([0.003215230417880282], 200, [260010])",False,"(2006923, 2007423)",2007173,,,,,,,,,,
NZ_LT670848,Salegentibacter salegens strain ACAM 48 chromosome I,4010099,"([0.002493704020773552, 0.002493704020773552, 0.002493704020773552], 0, [220620, 573820, 860])",False,"(4009894, 296)",46,"(366107, 366607)",366357.0,"(1538213, 1538713)",1538463.0,,,,,,
NZ_LT796768,Aeromicrobium choanae strain 9H-4 chromosome I,3422026,"([0.002922245476802339, 0.002922245476802339, 0.002922245476802339], 200, [131650, 109830, 58680])",False,"(1570128, 1570628)",1570378,"(3418739, 3419239)",3418989.0,"(2019344, 2019844)",2019594.0,,,,,,
NZ_LR025742,Burkholderia stabilis isolate E chromosome I,3705321,"([0.001835198623816938, 0.001835198623816938], 0, [232340, 109740])",False,"(2536376, 2536876)",2536626,"(1275115, 1275615)",1275365.0,,,,,,,,
NZ_LT838272,Thermanaeromonas toyohensis ToBE chromosome I,3334124,"([0.002999288568751492], 0, [8540])",False,"(1109, 1609)",1359,,,,,,,,,,
NZ_LT838813,Aquiflexum balticum DSM 16537 chromosome I,5987195,"([0.0016702312184587273], 0, [4260])",False,"(5986458, 5986958)",5986708,,,,,,,,,,
NZ_LT840184,Paenibacillus uliginis N3/975 chromosome I,6452185,"([1.1646752224246515, 1.1646752224246515], 0, [247950, 25960])",True,"(20704, 21204)",20954,"(6312320, 6312820)",6312570.0,,,,,,,,
NZ_LT907842,Pseudomonas fluorescens strain ATCC 13525 chromosome I,6511547,"([0.001535733367201373], 0, [98190])",False,"(2156859, 2157359)",2157109,,,,,,,,,,
NZ_LR025743,"Burkholderia stabilis isolate E chromosome II, complete sequence",3499265,"([0.0], 0, [170300])",False,"(2382320, 2382820)",2382570,,,,,,,,,,
NZ_LR025744,"Burkholderia stabilis isolate E chromosome III, complete sequence",1230157,"([0.0, 0.0, 0.0], 0, [298480, 82040, 4850])",False,"(615650, 616150)",615900,"(18389, 18889)",18639.0,"(1146997, 1147497)",1147247.0,,,,,,
NZ_LT984806,Cupriavidus neocaledonicus isolate Cupriavidus taiwanensis STM 6160 chromosome I,3638823,"([0.002748141363292471, 0.002748141363292471], 0, [40320, 435600])",False,"(3556614, 3557114)",3556864,"(979339, 979839)",979589.0,,,,,,,,
NZ_LT984417,"Latilactobacillus fuchuensis strain MFPC41A2801 chromosome I, whole genome shotgun sequence",2045293,"([0.24446375164829684, 0.24446375164829684], 0, [204810, 507120])",False,"(21552, 22052)",21802,"(2031248, 2031748)",2031498.0,,,,,,,,
NZ_LR593888,Gemmata obscuriglobus UQM 2246 chromosome 1,9032617,"([0.0004206975674934518, 0.0004206975674934518], 0, [289420, 19870])",True,"(9017718, 9018218)",9017968,"(1400689, 1401189)",1400939.0,,,,,,,,
NZ_LR607336,Klebsiella grimontii strain 4928STDY7071328 chromosome 1,6099119,"([12.283528162018154, 12.283528162018154, 12.283528162018154, 12.283528162018154], 0, [88270, 96050, 36610, 224330])",True,"(4172, 4672)",4422,"(5925725, 5926225)",5925975.0,"(3551546, 3552046)",3551796.0,"(4089659, 4090159)",4089909.0,,,,
NZ_LR607338,Pseudescherichia vulneris strain 4928STDY7071515 chromosome 1,4398823,"([14.213051991407703, 14.213051991407703, 14.213051991407703, 14.213051991407703], 0, [191090, 363740, 240110, 295880])",True,"(1323403, 1323903)",1323653,"(1723569, 1724069)",1723819.0,"(118175, 118675)",118425.0,"(541535, 542035)",541785.0,,,,
NZ_LR698957,Helicobacter canadensis isolate MGYG-HGUT-01348 chromosome 1,1623845,"([0.05228331521789333], 0, [36330])",False,"(1665, 2165)",1915,,,,,,,,,,
NZ_LR698962,Acidaminococcus intestini isolate MGYG-HGUT-01440 chromosome 1,2287856,"([1.9220615283479379], 0, [102170])",False,"(1680879, 1681379)",1681129,,,,,,,,,,
NZ_LR698963,Dermabacter jinjuensis isolate MGYG-HGUT-01448 chromosome 1,2377736,"([0.6917504718774498], 0, [260520])",False,"(643665, 644165)",643915,,,,,,,,,,
